2	Adams		FALSE	suscipit repellat esse quibusdam voluptatem incidunt
2	Adams		TRUE	distinctio vitae autem nihil ut molestias quo
2	Adams		FALSE	et itaque necessitatibus maxime molestiae qui quas velit
2	Adams		FALSE	adipisci non ad dicta qui amet quaerat doloribus ea
2	Adams		TRUE	voluptas quo tenetur perspiciatis explicabo natus
2	Adams		TRUE	aliquam aut quasi
2	Adams		TRUE	veritatis pariatur delectus
2	Adams		FALSE	nesciunt totam sit blanditiis sit
2	Adams		FALSE	laborum aut in quam
2	Adams		TRUE	nemo perspiciatis repellat ut dolor libero commodi blanditiis omnis
2	Adams		FALSE	repudiandae totam in est sint facere fuga
2	Adams		FALSE	earum doloribus ea doloremque quis
2	Adams		FALSE	sint sit aut vero
2	Adams		FALSE	porro aut necessitatibus eaque distinctio
2	Adams		TRUE	repellendus veritatis molestias dicta incidunt
2	Adams		TRUE	excepturi deleniti adipisci voluptatem et neque optio illum ad
2	Adams		FALSE	sunt cum tempora
2	Adams		FALSE	totam quia non
2	Adams		FALSE	doloremque quibusdam asperiores libero corrupti illum qui omnis
2	Adams		TRUE	totam atque quo nesciunt
